story_id,title,story,moral,emotion,theme
1,Monkey and Crocodile,"Deep within the heart of an ancient forest, there lived a clever monkey who'd made his home atop a sprawling mango tree beside a wide, glittering river. The tree's branches, heavy with ripe fruit, hung low over the water's edge — and it was here that the monkey first befriended a large crocodile who swam nearby each morning. ""You're most welcome to share my fruits,"" the monkey offered generously, tossing mangoes into the water with a grin. Days turned to weeks, and the two became inseparable companions. However, the crocodile's wife, suspicious of her husband's long absences, demanded an explanation. Upon hearing of the sweet fruits, she grew cunning and greedy. ""If those mangoes are so delicious,"" she whispered, ""imagine how sweet the heart of a monkey who eats them daily must be!"" The crocodile, torn between love and loyalty, reluctantly agreed to bring his friend's heart to her. He invited the monkey for a ride across the river — but halfway through, confessed the dreadful plan. The monkey's pulse quickened, yet his mind stayed razor-sharp. ""Oh dear!"" he exclaimed with a theatrical gasp. ""I've left my heart back on the tree — I always keep it there for safekeeping!"" The foolish crocodile turned back immediately. The moment they reached the bank, the monkey leapt to safety with a triumphant laugh. He never crossed that river again, nor did he ever place blind trust in flattering strangers.",Never trust blindly; true friendship isn't built on deceit.,betrayal,trust
2,Lion and Rabbit,"In a lush jungle that had once rung with laughter and birdsong, a fearsome lion had reduced every creature to trembling silence. Each day without fail, he'd demand a fresh animal be sent to him as his meal — and the terrified inhabitants had no choice but to comply. Eventually, only a small, sharp-witted rabbit remained unafraid. ""I'll go myself,"" he announced calmly, ""but I'll go on my own terms."" He arrived before the lion deliberately late, his ears perked confidently. ""Explain yourself!"" the lion roared, his mane bristling. ""Your Majesty,"" the rabbit said with a low bow, ""I was waylaid by another lion — a far bigger one — who claims this jungle belongs to him!"" The lion's eyes blazed. ""Show me this imposter at once!"" The rabbit led him to a deep, still well at the forest's edge. ""He lives down there, Your Majesty,"" he said softly. The lion peered in, saw his own furious reflection staring back, and with a thunderous roar, leapt headlong into the well. The splash echoed through the jungle — and was followed by the sweetest silence the animals had ever heard. The rabbit returned to a forest reborn in joy.",Intelligence and presence of mind can overcome even the greatest brute strength.,fear,intelligence
3,Fox and Crow,"High up in the gnarled branches of an old oak tree, a glossy black crow perched proudly with a prized piece of golden cheese clutched firmly in her beak. Below, a red fox trotted past and halted — his sharp nose twitching at the delicious scent drifting down. He studied the crow for a long, calculating moment before clearing his throat with exaggerated admiration. ""My goodness,"" the fox exclaimed, placing a paw over his heart, ""I've travelled these forests for years and never encountered a bird of such breathtaking elegance! Those feathers — jet-black and luminous as the night sky! And that regal posture! I'd wager that a creature of such magnificence must surely possess a voice equally divine."" The crow's chest swelled with vanity. She'd always suspected she was rather exceptional, and here was confirmation at last! Desperate to demonstrate her magnificent voice, she opened her beak wide — and the cheese plummeted straight into the fox's waiting jaws. ""Thank you kindly,"" the fox called up cheerfully as he trotted away. ""A beautiful voice, indeed — though perhaps wisdom is worth more than vanity."" The crow sat in mortified silence, the bitter lesson settling in her chest far heavier than any cheese.",Beware of flattery; it is often the weapon of those who wish to deceive you.,deception,greed
4,Tortoise and Birds,"There was once a tortoise — slow of foot but rich in longing — who watched with aching envy as the birds of the forest swooped and soared through the endless blue sky each morning. ""If only I could fly,"" he would sigh, his ancient eyes following their effortless arcs. Two kind-hearted cranes, moved by his yearning, devised a plan. They brought a sturdy stick and instructed the tortoise carefully: ""Bite down on the centre of this stick. We'll each hold one end and carry you through the sky — but whatever you do, do NOT open your mouth, no matter what you hear below."" The tortoise agreed solemnly. Up, up, up they rose — and the tortoise found himself breathless with wonder, the forest canopy spreading like a green tapestry beneath him. Then, from a village below, children pointed and shouted in amazement: ""Look! A flying tortoise! How ridiculous!"" The tortoise's pride flared hot and instant. ""Ridiculous?!"" he wanted to snap back furiously — and the moment he parted his lips to retort, he plunged. He struck the earth with a devastating thud. The cranes circled mournfully overhead. A single, irreversible moment of ego had cost him everything.",Overconfidence and pride can undo even the most extraordinary opportunities.,fear,overconfidence
5,Blue Jackal,"It was a moonless, chaotic night when a scraggly jackal, fleeing from a pack of fierce village dogs, stumbled blindly into a washerman's courtyard and tumbled headlong into a vast vat of indigo-blue dye. He scrambled out dripping and gasping — and when dawn broke and the forest animals caught sight of him, pandemonium erupted. No one had ever seen a creature of such extraordinary colour. ""He must be a messenger of the gods!"" someone whispered. The jackal, always quick on his paws, immediately seized the moment. ""Indeed,"" he announced grandly. ""I am Kakudruma, sent by the Creator himself to reign over this forest!"" The animals bowed in awe, and the jackal revelled in his stolen glory — feasting first, ruling absolutely, growing fat on deception. He banished all fellow jackals, fearing they'd recognise him. But one fateful evening, a distant pack raised their haunting, unmistakable howl into the night air. Something ancient and uncontrollable stirred in the blue jackal's chest — and before he could stop himself, he threw back his head and howled in reply. The colour meant nothing now. His voice had betrayed everything. The animals turned on him in furious disbelief, and the self-proclaimed king fled into the darkness, stripped of every false crown.","A false identity, however convincing, cannot be sustained forever — truth will always surface.",surprise,identity
6,Elephant and Mice,"Long ago, when a great herd of elephants migrated through the ruins of an abandoned city in search of water, they trampled unknowingly through a sprawling colony of mice, crushing homes and families beneath their enormous feet. The chief of the mice, trembling but resolute, approached the elephant king and bowed humbly. ""Your Majesty,"" he said, his voice barely a squeak above the wind, ""we are small — far too small, perhaps, to be noticed. But I beg you, please choose another path. And should you ever need us, no matter how unlikely that seems, we will repay your kindness."" The elephant king chuckled at the thought — what could mice possibly do for him? But he was a generous soul and agreed to reroute the herd. Months later, hunters swept through the forest, capturing the entire elephant herd in vast nets of rope, staking them to the ground. Their trumpeting cries of despair echoed through the night. And it was then that the mice came — thousands of them, gnawing tirelessly through the thick ropes with their sharp teeth until, one by one, the elephants stumbled free into the open air. The elephant king looked down at his tiny saviours with tears in his wise old eyes. ""Never again,"" he vowed quietly, ""will I underestimate what kindness returns to you.""",No act of kindness is ever too small; even the mightiest may one day need the humblest.,friendship,cooperation
7,Two Goats on the Bridge,"Spanning a narrow, rushing mountain stream was a single-plank bridge — barely wide enough for one creature to cross at a time. It was upon this precarious crossing that two goats, approaching from opposite banks, met face-to-face in the middle. Neither was willing to step aside. ""I was here first,"" insisted the first goat, stamping his hoof. ""Nonsense — I have equal right to this bridge!"" the second retorted, lowering his horns. Travellers who'd gathered on both banks watched with growing alarm as the goats pressed closer, each refusing to yield even a single inch. Their breathing grew heavy, their eyes wild with stubborn fury. Words gave way to shoving — then to a violent clash of horns — and within moments, both goats lost their footing on the narrow plank and tumbled together into the cold, churning water below. Neither survived. The watching animals stood in mournful silence. The bridge remained — empty, passable, patient. One small concession from either goat would have cost nothing and saved everything. But ego, given no outlet, had demanded the highest possible price.",Stubbornness and pride serve no one; learning to yield gracefully is far greater than winning nothing.,anger,ego
8,Farmer and the Snake,"On a bitter winter's morning, a kind-hearted farmer discovered a serpent lying motionless and stiff in the snow — frozen, as far as he could tell, nearly to death. Moved by compassion despite his wife's sharp warnings, he scooped the snake up gently and tucked it inside his warm coat, pressed close against his chest. Gradually, the creature's cold scales began to warm. Its body slowly stirred back to life. But the moment the snake felt strength return to its muscles, it recoiled and struck — driving its fangs toward the farmer's arm. The farmer leapt back just in time, flinging the snake to the ground in shock. ""I saved your life!"" he cried, his voice cracking. The snake regarded him with cold, unblinking eyes. ""Your sentiment is your concern,"" it hissed. ""My nature is my own."" The farmer stood there in the snow for a long time after the snake had vanished into the undergrowth. He was not a bitter man — but he understood now, with crystalline clarity, that gratitude cannot be assumed, and that the nature of some things cannot be altered by an act of warmth, however sincerely given.",Kindness is noble — but wisdom demands you understand the nature of those you help.,fear,trust
9,Lion and the Mouse,"The great lion lay sleeping beneath the shade of an acacia tree, his golden flanks rising and falling with slow, deep breaths, when a tiny mouse — scurrying in careless excitement — ran directly across his nose. The lion's eyes flew open. His massive paw came down, pinning the mouse to the ground with effortless ease. ""Any last words before I eat you?"" the lion rumbled, more amused than hungry. The mouse's heart hammered wildly, but she kept her voice steady. ""Your Majesty, I beg your mercy — and I swear on my life that one day, however improbable it seems, I shall repay this kindness!"" The lion burst into laughter at the absurdity of it, but released her nonetheless. ""Run along, little one,"" he said warmly. Weeks later, hunters ensnared the lion in a thick rope net, and his desperate roars shook the trees. The little mouse heard him from across the forest. She arrived without hesitation, set her sharp teeth to the ropes, and gnawed with fierce determination until the lion pulled himself free. He lay on the grass, breathing hard, and looked at her with an expression she'd never seen on the face of anything so powerful — gratitude, pure and unguarded.",Even the smallest among us carries the capacity for tremendous impact; never dismiss a kindness offered.,friendship,gratitude
10,Merchant and the Thief,"A prosperous merchant, returning from a successful trading journey, stopped at a roadside inn one dusty evening and struck up easy conversation with a well-dressed, charming stranger at the next table. The stranger spoke eloquently of distant cities, shared stories that made the merchant roar with laughter, and expressed such warm, genuine interest that the merchant felt he'd made a true friend within an hour. When the stranger offered to watch over the merchant's cart of goods while he slept — after all, the inn was crowded and the merchant was exhausted — he accepted gratefully without a second thought. By the time the pale grey light of dawn crept through the window, the stranger had vanished completely. So had every piece of goods in the cart. The merchant sat amid the empty cart in disbelief, running through every warming smile, every reassuring word. He had given his trust instinctively, without scrutiny — and now there was nothing left but the hollow echo of a lesson that cost him dearly. He rebuilt, eventually. But he never again let a pleasant manner substitute for the slow, careful work of genuinely knowing someone.",Trust must be earned gradually; charm and warmth are not substitutes for proven character.,betrayal,trust
11,The Loyal Dog,"For as long as anyone in the village could remember, the merchant's old dog had kept faithful watch over the household — sleeping lightly, one ear always raised, throughout even the coldest nights. When a band of thieves crept silently through the shadows one moonless evening, tools in hand and voices hushed, it was the dog who heard them first. His bark split the silence like a thunderclap — loud, relentless, and entirely fearless despite the size of the intruders. The thieves scattered in panic before a single latch had been lifted. Lights came on throughout the house; voices called out in alarm; the neighbourhood stirred. By morning, nothing had been taken. The merchant knelt beside the old dog with a full heart, stroking his greying muzzle. Around the village, people spoke of the night with admiration. Some had loyal dogs, some had stone walls, some had locked gates — but what had saved this household was something that couldn't be purchased or constructed: an unwavering devotion that asked nothing in return and gave everything without hesitation.","Loyalty, freely and faithfully given, is among the most powerful protections one can possess.",joy,trust
12,Wise Old Bird,"In a forest of tall, ancient trees, an old bird with thinning feathers and knowing eyes watched with quiet unease as a man moved slowly through the undergrowth below — studying the trees, testing the soil, measuring distances with calculated eyes. The old bird called the flock together with urgent alarm. ""He's a hunter,"" she said gravely. ""I've seen this before. Leave this forest now, while there's still time."" But the younger birds ruffled their bright feathers dismissively. ""You're too cautious,"" they laughed. ""That old man is no threat — he's barely moving! We'll stay and keep watch ourselves."" The old bird shook her head sadly and departed alone that evening. Within three days, the hunter returned with nets, traps, and two assistants. The younger birds, startled and unprepared, found themselves snared before they could take to the sky. As they struggled in the nets, they remembered the old bird's words — calm, unhurried, certain. Experience, they understood too late, speaks in a quieter voice than excitement; but it speaks with a precision that youth, in its confidence, so often fails to hear.",Wisdom earned through experience is precious; dismiss the counsel of elders at your own peril.,fear,wisdom
13,Camel and the Jackal,"A camel and a jackal struck up an unlikely friendship near a river that separated their home territory from a field of ripe sugarcane on the opposite bank. ""I'll carry you across on my back,"" the camel offered warmly, ""and we'll share whatever we find."" The jackal, whose stomach was considerably smaller, ate his fill quickly while the camel was still grazing contentedly. Then, seized by an impulse he didn't bother to resist, the jackal threw back his head and began howling loudly into the air. The farmers came running with sticks. The camel, enormous and impossible to miss, received the full force of their anger while the jackal slipped away through the grass. When they finally recrossed the river — the camel limping, bruised, and bewildered — he asked the jackal why he'd howled. ""It's simply something I do after a meal,"" the jackal replied breezily. ""I can't help my nature."" The camel said nothing. But in the middle of the river, at its deepest point, he slowly rolled onto his side. ""I sometimes roll after eating,"" he said pleasantly, as the jackal plunged beneath the surface with a shriek. What is given carelessly is repaid in kind.","Those who exploit generosity will, in time, reap what they have sown.",betrayal,trust
14,Foolish Lion,"There was once a lion — immense in body but unfortunately modest in intellect — who ruled his jungle with thunderous authority. When a clever rabbit approached him one afternoon with a look of theatrical breathlessness, the lion's ears pricked up immediately. ""Your Majesty,"" the rabbit gasped, ""there is another lion — larger, fiercer, and louder than yourself — who has entered the forest and declared himself its true king!"" The lion's entire frame trembled with volcanic outrage. ""Take me to him NOW!"" he thundered. The rabbit led him to a deep stone well at the edge of the trees. ""He dwells below, Your Majesty — look!"" The lion thrust his great head over the edge and peered down. In the dark water below, a furious lion stared back at him — mane bristling, eyes blazing, matching his every expression perfectly. The lion roared with everything he had. The reflection roared back, soundless and maddening. Consumed by blind fury and utterly convinced, the lion launched himself over the edge. The splash that followed was immense, and final. The rabbit walked back through the jungle at a leisurely pace, the forest already breathing easier around him.",Blind rage and unchecked ego are weaknesses a clever adversary will always find a way to exploit.,fear,intelligence
15,Elephant and Rabbit,"When a herd of elephants began passing through a rabbit colony's meadow each night on their way to the lake, the rabbits found themselves in a desperate situation — burrows collapsed, families scattered, and the survivors left shaking in the darkness. The smallest and most quick-witted rabbit in the colony stood before the others with an unexpected air of calm. ""I'll handle this,"" she said. She approached the lead elephant in the silver light of the full moon, sitting upright in the grass with an expression of absolute serenity. ""Great one,"" she announced, ""I am a messenger of the Moon itself, whose sacred reflection you have disturbed by trampling the lake's shores. The Moon is displeased. If you wish to make amends, look into the water tonight and see for yourself."" The elephant, humbled and genuinely unsettled, peered into the rippling lake. The moon's reflection shimmered and wavered — trembling, it seemed, with celestial disapproval. The elephant stepped back respectfully, turned the herd around, and never returned. The rabbits celebrated until dawn. A single story, precisely placed, had accomplished what no amount of force ever could have.","Creativity and quick thinking are often more powerful than size, speed, or physical strength.",triumph,intelligence
16,Crow's Revenge on the Snake,"Season after season, a great black crow and his mate had nested in the hollow of an old banyan tree, raising their young with patient devotion. And season after season, a cunning cobra who lived in the roots of that same tree had stolen into their nest in their absence and swallowed their eggs whole — leaving them to return to an empty home and unimaginable grief. The crow's mate wept until she could weep no more. But the crow himself grew quiet and deliberate. He flew to the palace grounds one afternoon, watching the noblewomen walking in the garden below — their jewels catching the afternoon light. With careful precision, he swooped, snatched a glittering necklace from around a princess's neck, and dropped it directly into the cobra's hole at the base of the tree. The commotion that followed was immediate and decisive: servants poured into the garden, traced the necklace to the hole, and dealt with the cobra then and there. The crow returned to his tree in the evening light. He had lost many clutches of eggs — but he had never lost his capacity to think clearly, and that, in the end, had settled the matter completely.","Patient, strategic thinking can resolve what years of grief and direct confrontation cannot.",anger,revenge
17,Monkey and the Wedge,"At the edge of a great construction site, where carpenters were building a temple from freshly cut timber, a young monkey perched in the trees and watched the workers with burning, restless curiosity. When the men broke for their midday meal and left the site unattended, the monkey descended immediately. He bounded from plank to plank, testing tools, scattering sawdust — thrilling in the freedom of the space. Then he noticed a large log that had been partially split, a thick wooden wedge hammered into the crack to hold it open. The wedge, slightly loose, wobbled when he touched it. The monkey's curiosity became irresistible. He wrapped both hands around the wedge and pulled — hard. The wedge came free with a sharp crack, and the split log snapped shut instantly, catching both of the monkey's legs between its jaws with crushing force. He screamed. The workers came running. It took four men and considerable effort to prise the log open again. The monkey limped back to the forest in silence, carrying a lesson he had paid for entirely with his own recklessness. Curiosity, he understood now, without caution, is simply another word for danger.",Curiosity without restraint or awareness can lead even the cleverest creature into serious harm.,fear,curiosity
18,The Golden Deer,"Deep within a protected forest, there moved a deer of extraordinary beauty — her coat the warm gold of late afternoon light, her eyes dark and luminous, her movements so fluid she seemed to barely touch the ground. Word of this creature reached a king known for his obsessive love of hunting, and he arrived at the forest's edge with his full retinue of soldiers, his fastest horses, and his finest bows. The golden deer watched them come from the tree line. She turned and ran — but not away from them. She ran in widening, purposeful circles, drawing the hunters deeper and deeper into the thickest, most impenetrable parts of the forest, away from where the other animals grazed and sheltered. Thorns caught at the soldiers' clothes. Horses stumbled on uneven ground. The king pressed on for hours, growing increasingly lost, until at last he drew up his horse and admitted defeat. The deer, her task complete, stood briefly on a hillside above them — caught the last golden light of the sun — and vanished. Not a single arrow had found her. Not a single other animal had been touched. She had offered herself as bait and emerged untouched. The forest, by morning, was quiet and whole.",True courage is not recklessness — it is the willingness to place yourself in danger for the protection of others.,surprise,sacrifice
19,Heron and the Crab,"An old heron who had grown too slow and lazy to hunt properly concocted a scheme so brazen it might have been admirable, had it not been so wicked. He approached the pond where fish and crabs lived peaceably and arranged his face into an expression of deep sorrow. ""I bring terrible news,"" he announced with a doleful shake of his long neck. ""I've overheard fishermen planning to drain this pond entirely. But I'm willing — out of the goodness of my heart — to carry you all, one by one, to a much deeper and safer lake nearby."" The fish believed him utterly. One by one they were carried — and one by one they vanished. It was a sharp-clawed crab who first noticed that the heron always returned alone. ""I'd like to see this lake myself,"" the crab said pleasantly, and climbed onto the heron's neck for the journey. When the heron landed at his private feeding rock — surrounded by a small mountain of fish bones — the crab understood everything in an instant. Before the heron could so much as open his beak, the crab's claws had closed around his neck with the precision of a trap. The pond, some days later, was significantly quieter — but its remaining inhabitants lived without fear.","Deception practiced against the vulnerable will, with patience, always find its just reckoning.",anger,betrayal
20,Fox and Goat in the Well,"A fox, careless in his hurry, tumbled into a wide stone well one bright afternoon and found himself unable to scramble back up the smooth walls no matter how he tried. He splashed about for a while, then gathered himself and settled into a patient crouch, thinking. When a goat trotted to the well's edge and peered down with concerned eyes, the fox arranged his expression into one of pure contentment. ""My friend!"" he called up warmly. ""You must come down and try this water — it's the sweetest, coldest, most extraordinary water I've ever tasted. I've been drinking it all morning; I simply cannot bring myself to leave!"" The goat, who was genuinely thirsty, leapt in without a moment's hesitation. The moment the goat's four hooves hit the bottom, the fox stepped lightly onto the goat's back, leapt upward, caught the edge of the well, and hauled himself over the rim with a grunt of relief. He stood at the top and looked down at the goat, who stared up at him in dawning, horrified comprehension. ""My apologies,"" the fox said pleasantly, already walking away. ""One should always think about how one intends to get out before one jumps in.""","In any situation, always consider your exit before you commit to your entrance.",sadness,betrayal
21,Snake and the Frog,"A village pond had fallen under a shadow of terror since a large snake had taken up residence in its rushes, picking off frogs at his leisure with lazy, unhurried certainty. The surviving frogs lived in a state of perpetual, exhausting fear. It was the boldest and most cunning frog in the colony who finally raised his head above the waterline and said: ""I have a plan."" He approached the snake directly, which alone nearly caused several of his companions to faint. ""Great serpent,"" the frog said, with an air of great respect, ""I've come on behalf of a remarkable opportunity. There's a colony of fat, slow frogs in the pond to the east — far more than you could eat here in a month. I'll lead you there personally, but we must leave immediately, before they move on."" The snake, his hunger piqued, followed eagerly through unfamiliar territory. The cunning frog led him in long, winding circles until, as evening fell, the snake found himself hopelessly disoriented and far from the pond. By the time the snake made his slow way back over the following days, the frogs had established an entirely new, carefully hidden colony. The pond behind them grew green and still.","A well-constructed strategy, even from a position of weakness, can neutralise the most dangerous opponent.",fear,strategy
22,Bird and the Hunter,"In a forest known for its deep silence and ancient trees, a small lookout bird had taken it upon herself to serve as an early-warning system for the entire community of creatures who lived there. She spent her days perched high in the canopy, watching the forest's edges with calm, systematic attention. One morning she spotted a hunter at the tree line — noting his nets, his careful footfall, his pattern of movement through the undergrowth. Before he'd advanced fifty metres, her sharp alarm call rang out through the forest — a specific pattern of notes that every creature there had learned to recognise and respect. By the time the hunter had set his first net, the forest floor was empty. Birds had risen silently into higher trees. Deer had melted into dense thicket. Even the slow tortoise had found a mossy hollow to press himself into. The hunter walked through the forest for hours, baffled by the absolute absence of anything he might catch, and left before evening without a single prize. The lookout bird watched him go and ruffled her feathers calmly. Around her, the forest gradually filled again with ordinary sounds — and she took her place once more at the top of her favourite tree, watching.",Consistent vigilance and clear communication within a community are the foundations of collective safety.,fear,survival
23,River and the Animals,"A drought of unusual severity had reduced the great river to a thin, muddy trickle by midsummer, and the animals who depended on it were growing desperate. As the waterline fell lower each day, old territorial instincts resurfaced: the elephants claimed the deepest pools, the deer were driven from the shallows by the buffalo, and the smaller animals found themselves with nothing at all. Snarling and shoving replaced the comfortable routine that had always governed their gathering at the water's edge. An old tortoise who had weathered many such droughts pulled himself onto a flat rock at the centre of what remained of the river and waited with unhurried patience until the noise around him subsided enough for his quiet voice to carry. ""We will all die here,"" he said simply, with no particular drama, ""at this rate — not from thirst, but from each other. The river does not have enough water for fighting. But it has enough for sharing, if we choose to do so."" There was a long, uncomfortable silence. Then, gradually, the elephants stepped back. The deer approached. The smaller animals crept to the edges. They drank in rotation, without ceremony, without incident — and the river, that day, was just enough.","In times of scarcity, cooperation is not charity — it is the only strategy that keeps everyone alive.",calm,cooperation
24,King and the Wise Minister,"When an alliance of neighbouring kingdoms began closing in on the kingdom from three sides simultaneously, the royal court erupted into noise — generals arguing for immediate military response, advisors urging desperate diplomacy, merchants calculating losses, and the king himself sitting at the centre of it all with a quietly mounting sense of overwhelm. It was his oldest minister — a man whose robes were frayed at the edges and whose eyes had seen four kings come and go — who waited until the room had exhausted itself and then spoke in a measured, unhurried voice. He had spent the previous night corresponding by fast messenger with contacts in each of the rival courts. Two of the three alliances, he explained, were held together solely by promised trade advantages. Redirect those advantages — offer something more favourable — and the alliances would fracture without a single sword being drawn. The king followed the minister's counsel precisely. Within a fortnight, two of the three kingdoms had quietly withdrawn. The third, isolated and suddenly uncertain, sent a diplomatic envoy instead of an army. The court marvelled. The minister returned to his frayed robes and his correspondence, and asked for nothing except the continued freedom to keep watch.",Patient wisdom and careful intelligence will always outperform force in the resolution of complex challenges.,relief,leadership
25,The Monkey King,"By sheer size and volume, a large and self-important monkey had managed to establish himself as king of his troop — though he possessed none of the qualities that genuine leadership requires. His decisions were made impulsively, based primarily on his own appetite and convenience. He sent the younger monkeys to the most dangerous branches for fruit; he claimed the safest sleeping spots for himself; he settled disputes according to whom he liked more, rather than any principle of fairness. Gradually, the older and wiser members of the troop began to slip away — finding other groups, drifting to distant trees, removing themselves quietly from the chaos. The remaining members grew anxious and thin, making poor decisions because no coherent structure remained to guide them. Eventually, a younger but far more thoughtful monkey — one who listened carefully, shared resources generously, and made decisions with the whole troop in mind — stepped forward without ceremony and began, simply, to lead by example. The self-declared king found, one day, that he was issuing commands to an audience of one. Authority built on nothing but self-interest, he discovered, has a very short shelf life.","Genuine leadership is demonstrated through service and wisdom, not claimed through noise and self-interest.",sadness,leadership
26,Lion and the Hyena,"In a forest where the lion ruled with considered fairness, a cunning hyena had built himself a comfortable position by being useful — carrying messages, running small errands, appearing at all the right moments with flattering words. Then he began testing the edges of his influence. He told the deer that the lion had marked them for culling. He whispered to the elephants that the lion had spoken dismissively of their intelligence. He circulated stories so seamlessly that the forest began to hum with a low, uncomfortable tension that hadn't been there before. It was a small forest mouse — who moved through the undergrowth entirely unnoticed — who first began to notice the pattern: every piece of discord traced, eventually, back to a particular set of paw prints. She brought what she'd observed to the lion in careful, precise terms, with no embellishment and no accusation — only sequence and pattern. The lion summoned those who'd been told things and invited them to speak freely. Within an afternoon, the stories contradicted each other completely, and the common thread was impossible to ignore. The hyena was called to account, and the forest, though bruised, began the slow work of repairing what dishonesty had damaged.","Truth, however carefully buried, leaves tracks; and those who deal in falsehood are always, eventually, found out.",anger,justice
27,Crow and the Snake,"For three consecutive breeding seasons, a snake living in the roots of an ancient banyan tree had made his way up to the crow's nest each time the parents left to forage, and swallowed the eggs without remorse. The crows had tried everything within their power — diving at him, calling for help, attempting to move their nest. Nothing had worked. The snake was simply too large, too fast, and too indifferent to their grief. The male crow, sitting quietly in the aftermath of yet another loss, thought for a very long time. Then he flew to the king's palace and watched the royal household until he understood its patterns. On the afternoon when the queen's ladies-in-waiting left their jewellery on the garden wall while they bathed in the pool, the crow swept down, seized the most conspicuous necklace, and flew in a long, slow, deliberate arc — low enough to be followed — directly back to the banyan tree, dropping the necklace squarely into the snake's hole. The palace guards arrived within minutes. The crow and his mate watched from a high branch as the snake was dealt with efficiently and completely. The next season, they built their nest in peace.","When direct confrontation is futile, an indirect and carefully executed strategy can succeed where raw effort cannot.",anger,revenge
28,Goat and the Tiger,"A young goat, separated from her flock in the confusion of an unexpected storm, found herself alone on an open hillside as night fell — and found herself facing a tiger who had been watching her from the grass for some time with the relaxed patience of an apex predator who has nowhere to be. The tiger rose slowly to his feet and took a step forward. The goat's whole body wanted to run. Instead, she threw her head back and let out a sound she hadn't known she possessed — not the bleat of a frightened goat, but something closer to a battle cry, guttural and bizarre and furious. She lowered her horns and took three rapid steps toward the tiger. The tiger halted. This was entirely unexpected behaviour for prey, and unexpected behaviour was, by instinct, alarming. He took a step back, reassessing. The goat stamped her foot and charged again, still making the terrible sound. The tiger — genuinely uncertain now whether he was dealing with a creature he fully understood — turned and moved off through the grass at a pace that was, for a tiger, rather undignified. The goat stood on the hillside until her legs stopped shaking, and then she went and found her flock.","Unexpected courage, even when built partly on bluff, can destabilize a more powerful opponent's certainty.",relief,courage
29,Fisherman and the Fish,"A school of fish that had lived freely in a wide river for generations came to realise one autumn that the same fisherman appeared at the same bend in the river each morning — and that each afternoon, he returned to his village with a full net. The fish had been losing members steadily for months; the remaining ones were growing cautious, but caution alone wasn't solving the problem. The eldest fish called a gathering in the deepest part of the pool that evening, and for the first time, the school debated together — not the usual frantic scattering, but a deliberate, collective strategy. They would not flee in all directions; they would move as a single coordinated body, too large and too organised to be effectively netted. When the fisherman cast his net the following morning, the fish moved together in a precise, rolling formation — not away from the net, but beneath it, around it, and through it in sections that were too dense to capture cleanly. The net came up twisted and almost empty. The fisherman sat back in his boat with a puzzled expression. The fish held their formation until he had gone, and then they parted — and for the first time in months, they moved through the river without fear.",Collective intelligence and coordinated action can overcome threats that scatter and isolate individuals.,joy,teamwork
30,Dog and the Tiger,"A tiger, emboldened by three consecutive nights without a successful hunt, had begun circling the edges of a farming village at dusk — close enough that the animals in the pens could smell him, and the villagers had taken to barring their doors before sunset. The village dog, a sturdy and not particularly large animal who nonetheless possessed a ferocious sense of territorial responsibility, detected the tiger's scent on the third evening and positioned himself at the village boundary. When the tiger finally emerged from the tree line and met the dog's gaze across twenty metres of open ground, the dog didn't retreat. He stood absolutely still for a moment — then exploded into the most sustained, aggressive, full-throated barking any tiger had ever encountered at such close range. Lights began appearing in windows. Voices carried through the evening air. The tiger, who had expected either prey or silence, found himself facing a creature who had deliberately called attention to both of them — and who showed no signs of stopping. A tiger's greatest advantage is surprise, and surprise was now entirely gone. After a long moment of indecision, the tiger withdrew back into the trees. The dog continued barking until he was certain it had gone, then returned to his post by the gate.","Courage combined with the wisdom to use available resources — noise, community, attention — is more effective than strength alone.",confidence,bravery
31,Elephant and Fox,"A fox who'd grown accustomed to surviving on wit rather than strength spotted a large elephant grazing alone near the marshes one afternoon and immediately began calculating. He approached with exaggerated reverence, bowing low. ""Your Majesty,"" he said smoothly, ""I've discovered a meadow of extraordinary grass — lush, untouched, fragrant. I'd be honoured to escort you there personally."" The elephant, flattered and genuinely hungry, followed without suspicion. The fox led him deeper into the marsh, where the ground grew soft and treacherous beneath the elephant's enormous weight. The elephant's feet sank with each step, and panic began to rise in his chest. But before the fox could slip away satisfied, the elephant's powerful trunk swung out instinctively, wrapped around a sturdy tree, and pulled with everything he had. He hauled himself free with a tremendous effort, mud streaming from his legs. The fox, caught flat-footed by the escape, found himself facing an elephant who was now both free and furious. He fled without ceremony. The elephant stood at the marsh's edge for a long moment, breathing hard, filing the fox's face permanently into his memory. Elephants, as the fox would eventually learn, have a remarkable capacity for recollection.","Deception may create temporary advantage, but the consequences of being caught are rarely worth the gamble.",fear,caution
32,King and the Fool,"In the royal court, a jester had long enjoyed the unusual freedom that came with his role — permitted to say almost anything, shielded by the assumption that nothing he said was to be taken seriously. He exploited this licence gradually, slipping outright falsehoods into his performances, testing how much the court would accept if delivered with enough comic timing. He told elaborate stories about ministers stealing from the treasury, about generals losing battles they'd actually won, about merchants bribing palace officials. People laughed uncertainly, unsure where performance ended and accusation began. The king, who had been watching the pattern develop over several weeks, summoned the jester privately one morning — no audience, no laughter, no costume required. ""Every word spoken in this court carries weight,"" the king said quietly, ""regardless of the clothing it wears."" He tasked his investigators with examining each of the jester's 'jokes' systematically. Several turned out to be pure fabrication; one contained a grain of truth that warranted genuine inquiry. The jester was stripped of his performing privileges and assigned to the royal library — where, the king noted dryly, the only stories permitted were ones that had actually happened.",No role or title grants immunity from accountability; words carry consequences independent of the tone in which they're delivered.,anger,justice
33,Bird Family,"Three generations of a bird family had nested in the same corner of the same forest, and their collective knowledge of that territory — its dangers, its seasonal patterns, its reliable food sources — had been passed down through careful observation and deliberate instruction. When a particularly harsh season arrived, bringing unfamiliar predators and unpredictable weather, the younger birds were grateful for the mental map they'd inherited. They knew which trees offered safe shelter in storms, which clearing to avoid when certain hawks were circling, and which time of morning the forest floor was safest for foraging. When danger approached one afternoon in the form of a prowling cat, the eldest bird's alarm call used a specific pattern the whole family had rehearsed — and every member responded without hesitation, rising together in a coordinated burst that left the cat with nothing to pursue. They regrouped in their designated tree without a single casualty. That evening, the family sat close together in the fading warmth, and the youngest asked the eldest how she'd stayed so calm. ""I've seen this particular kind of threat before,"" she said simply. ""And I made sure you all had, too — at least in your minds.""",A family or community that shares knowledge and practises coordination is far more resilient than one that relies on individual instinct alone.,joy,unity
34,Monkey and Lion,"A lion who'd recently taken over a new territory was making his authority felt in the most direct way available to him — pursuing anything that moved, regardless of whether he was actually hungry, simply to establish dominance. A quick-witted monkey observed this pattern over several days from the canopy above and began to anticipate the lion's movements. When the lion eventually fixed his gaze on the monkey and charged, the monkey didn't flee horizontally across the ground. He went straight up — branch to branch, with the fluid efficiency of a creature designed for exactly this environment. The lion reached the base of the tree, looked up, and found the monkey comfortably settled twenty metres above him, casually inspecting a piece of fruit. The lion circled, looked for another angle, found none, and eventually sat down in frustration. ""Come down,"" he called up. ""Why?"" the monkey asked pleasantly. The lion had no satisfactory answer. He waited for a while, then moved on. The monkey watched him go from his elevated vantage point, unimpressed. Brute power, he reflected, is highly effective in the right terrain — and completely useless in the wrong one.",Know your terrain and your strengths; fighting on ground that suits you is half the battle already won.,relief,intelligence
35,Snake and Farmer,"A farmer working his fields discovered that a snake had taken up residence in a burrow at the edge of his property. His neighbours urged him to deal with it immediately and decisively. Instead, the farmer left a small bowl of milk near the burrow each morning — a gesture he couldn't entirely explain, even to himself, beyond a general sense that coexistence was preferable to conflict where possible. The snake, for its part, kept entirely to its own territory, and the field mice that had previously devastated the farmer's grain stores began to disappear from the area entirely. The arrangement persisted through two full seasons without incident. Then a travelling merchant offered the farmer a significant sum for the land, contingent on it being entirely cleared. The farmer, tempted, approached the burrow with a spade one morning — and the snake, sensing the changed energy, reared up defensively. The farmer stepped back, looked at the spade in his hands, and then looked at the field behind him, healthy and productive in a way it hadn't been before this particular neighbour arrived. He lowered the spade. He declined the merchant's offer. Some arrangements, he'd concluded, were worth more than their immediate market value.","Peaceful coexistence, even with those we might fear, often yields more sustainable benefits than conflict or displacement.",neutral,responsibility
36,The Proud Peacock,"In a forest clearing renowned for its beauty, a peacock had grown so accustomed to the admiration of others that he'd begun to mistake appreciation for entitlement. Each morning he'd spread his magnificent tail in a slow, ceremonial arc — and he'd come to expect the other animals to stop whatever they were doing and watch. When a practical-minded hen walked past one morning without pausing, the peacock was genuinely affronted. ""Do you not find me extraordinary?"" he called after her. ""Moderately,"" she said without turning around, ""but I've got eggs to tend."" The peacock sulked for three days, which the forest at large failed to notice. It was during a sudden rainstorm that the peacock's spectacular tail — sodden, heavy, and impossible to manage in the mud — became an acute liability. He could barely walk. The plain brown hen, meanwhile, moved efficiently through the downpour, settled her eggs, and sorted out her affairs with brisk competence. The peacock stood in the rain, bedraggled and humbled, his magnificent plumage plastered flat. Beauty, he was beginning to understand, is an asset in fair weather — but it is a poor substitute for capability when conditions turn difficult.",Vanity without substance is an indulgence that fair weather permits and adversity quickly dismantles.,surprise,overconfidence
37,Donkey in Lion's Skin,"A donkey who'd found an old, dried lion's skin abandoned at the forest's edge made a discovery that delighted him thoroughly: when he draped it over himself and walked through the trees, every animal he encountered fled in immediate terror. He spent several exhilarating days roaming freely, eating the best grass, drinking from the clearest pools, commanding space that had never been available to him before. The power was intoxicating. He grew bolder, wandering closer to the village, standing in the open field where previously he'd never have dared linger. It was there that his owner spotted the unusual lion and came closer to investigate, puzzled by something in the creature's gait — that familiar, slightly awkward walk he'd recognise anywhere. As the owner watched, a gust of wind lifted a corner of the skin, and the donkey — startled — let out a full-throated, unmistakable bray that rang across the entire field. Every animal that had fled in terror now turned back with expressions ranging from confusion to indignation. The donkey stood in the open, the skin slipping sideways, and understood with crystalline clarity that borrowed authority is only ever one unguarded moment from complete collapse.","An assumed identity may grant temporary advantage, but one's true nature will assert itself — usually at the worst possible moment.",surprise,identity
38,Four Friends and the Hunter,"A deer, a crow, a tortoise, and a mouse had established an unlikely but genuine friendship at the edge of a quiet lake, each contributing what their particular abilities allowed — the crow as lookout from above, the mouse with her sharp teeth for cutting and freeing, the tortoise as a steady counsel, and the deer as a scout of the surrounding terrain. When a hunter arrived one morning and ensnared the deer in a strong rope net, the remaining three mobilised without panic. The crow flew reconnaissance immediately, mapping the hunter's position and likely return time. The mouse set to work on the ropes with characteristic speed and precision. The tortoise, slower but dependable, positioned himself to create a distraction if needed. The deer was freed well before the hunter returned, and all four had retreated to safety before he found nothing but the cut ropes lying in the grass. The hunter stood for a moment in baffled silence, then gathered his equipment and moved on. Back at the lake, the four friends settled into their usual places — a little quieter than normal, each privately grateful for the particular capabilities of the others.","A group whose members each contribute distinct strengths functions with a resilience that no individual, however capable, can match alone.",relief,teamwork
39,Clever Rabbit and the Well,"When drought drove a herd of elephants to a lake that happened to be the ancestral home of a large rabbit colony — their burrows ringing the water's edge — the elephants' daily visitations were causing devastation. The rabbit chief was a small, grey, entirely unremarkable-looking creature who nevertheless had a particular talent for reading situations and improvising rapidly. He presented himself before the elephant king at the next full moon, standing in the reflected light with deliberate timing, and announced that he was a personal messenger of the Moon — whose sacred lake the elephants had been desecrating with their presence. The elephant king, educated enough to be respectful of forces beyond his understanding, asked how he might know this to be true. The rabbit led him to the lake's edge and asked him to observe the water. The full moon's reflection shimmered beautifully on the surface. ""She trembles with displeasure even now,"" the rabbit said gravely. The elephant king stepped back, offered a formal apology to the water's surface, and redirected his herd to a different water source the following morning. The rabbit returned to the colony, where he was greeted with the particular mixture of relief and impressed disbelief that tends to follow when a very small creature outmanoeuvres a very large one.",Resourceful thinking and confident presentation can resolve problems that size and strength are powerless to address.,triumph,intelligence
40,Wolves and the Sheep,"A pack of wolves who'd been unsuccessful in their direct approaches to a well-guarded flock of sheep devised a more patient strategy. They sent their most presentable member — young, well-groomed, and possessed of a remarkably unthreatening demeanour — to approach the shepherd with an offer of alliance. ""We'll patrol your perimeter each night,"" he offered pleasantly, ""and keep other predators away. All we ask is the occasional old or sick sheep that would have died regardless."" The shepherd, who'd been losing animals to various threats and was genuinely stretched, agreed after only brief deliberation. The wolf joined the flock's routine, behaved impeccably for several weeks, and used every day to memorise the shepherd's schedule, the dogs' patrol patterns, and the weakest points in the pen's fencing. When the night finally came that the shepherd was away at market and the dogs had been locked in for the night due to an illness in the household, the wolf opened a gap in the fence that he'd been quietly widening for days. By morning, the damage was considerable. The shepherd returned to count his losses and found, among the tracks, the unmistakable paw prints of his trusted ally.",An enemy who gains trust through patience and performance is considerably more dangerous than one who simply attacks.,betrayal,trust
41,The Singing Donkey,"A washerman's donkey who spent his days carrying heavy loads discovered one night, wandering free in an open field, that he possessed an overwhelming urge to sing. He opened his mouth and brayed with full enthusiasm — convinced, in the way that those without musical education often are, that the sound he produced was extraordinary. A jackal resting nearby opened one eye and regarded him with weary resignation. ""Please don't,"" the jackal said. ""It's the middle of the night and the village is fifty metres away."" The donkey, insulted, informed the jackal that he simply didn't appreciate real artistry, and continued with increased vigour. Lights appeared in the village. Dogs began barking. The washerman, roused from sleep and deeply unhappy about it, arrived at the field with a stick and expressed his dissatisfaction in the most direct terms available to him. The donkey, reunited firmly with his tether and now considerably less enthusiastic about his musical gifts, stood in the dark nursing both his dignity and several new bruises. The jackal, who had relocated at the first sound of the village dogs, settled back to sleep at a more comfortable distance and said nothing further on the subject.",Self-awareness is as important as self-expression; the inability to assess one's own limitations is a liability that others invariably pay for.,anger,overconfidence
42,The Hare and the Tortoise,"The hare and the tortoise had been acquainted for years — long enough for the hare to have developed a comfortable certainty about the distance between their respective capabilities. When the tortoise quietly proposed a race to the old oak at the forest's far edge, the hare accepted with barely concealed amusement. He set off at a pace that left the tortoise invisible within minutes, then slowed to a confident trot, then stopped entirely near a shady bank to rest. He told himself he'd hear the tortoise coming and would easily finish before him. He was still telling himself this when a ripple of surprised murmuring reached him from the direction of the oak tree. He arrived at the finish to find the tortoise already there — composed, unhurried, entirely unsurprised by the outcome. The hare stood in the sun and processed what had happened. The tortoise hadn't beaten him with speed. He hadn't beaten him with any exceptional ability at all. He'd simply kept moving, consistently, without interruption, for the entire duration — while the hare had outsmarted himself with assumptions built on nothing more substantial than a very long habit of being faster.","Consistent, uninterrupted effort will outperform superior talent that's been squandered on complacency.",surprise,overconfidence
43,The Jackal and the Drum,"A hungry jackal prowling the outskirts of an abandoned battlefield came across a large drum that had been left propped against a tree, its ropes still attached to a low branch. When the wind picked up and set the branch swaying, the ropes tapped rhythmically against the drum's taut skin — producing a sound that stopped the jackal cold. He spent a considerable amount of time at a careful distance, interpreting the sound, constructing elaborate theories about what enormous creature might produce such a resonance. His imagination, running freely, generated several possibilities, each more alarming than the last. He was on the verge of retreating entirely when a stronger gust swung the branch more violently, the ropes slapped hard, and the drum rolled sideways and fell open — revealing its complete and uncomplicated emptiness. The jackal walked over, sniffed it thoroughly, and sat beside it for a moment in the sudden quiet. The largest sounds, he reflected, do not always indicate the largest sources. In fact, in his experience, the opposite was frequently true — the most hollow things tended to make the most impressive noise.",Intimidating appearances and loud presentations are frequently hollow at their centre; investigation reveals what imagination distorts.,surprise,curiosity
44,The Brahmin and the Cobra,"A learned brahmin who'd settled near the forest's edge made a daily practice of leaving offerings at a particular anthill — partly from piety, partly from a genuine belief in the virtue of consistent ritual. A cobra who lived within the anthill accepted these offerings with the dignified indifference of a creature entirely comfortable with being venerated. The arrangement continued peacefully for several years. The brahmin's son, visiting from the city and possessed of neither his father's patience nor his reverence, decided the offerings were a waste of food and that the cobra was simply an animal taking advantage. He arrived at the anthill one morning with a stick and struck at it sharply. The cobra, defending its home with the focused decisiveness of a creature that had never needed to learn tolerance of sudden violence, responded accordingly. The son survived, but only just. When the brahmin returned and heard what had occurred, he sat quietly outside the anthill for a long time before speaking. ""We had an understanding,"" he said finally — addressing the anthill with the same respectful tone he'd always used. ""I hope, in time, it can be restored."" It took three seasons. But it was.",Relationships built on mutual respect are disrupted at great cost; what takes years to establish can be destroyed in a single impatient moment.,fear,trust
45,The Three Fish,"Three fish lived together in a pond that a pair of fishermen, passing by one evening, marked for a return visit the following morning. One fish overheard them clearly and immediately convened a discussion. The first fish — practical, experienced, and unsentimental — announced that she would leave the pond that night through the narrow inlet stream, while the water level was still high enough to allow passage. ""The risk is now,"" she said, ""before the certainty arrives."" The second fish agreed in principle but deferred his departure, telling himself he'd go at first light. He slept more comfortably than the first fish and departed at dawn — managing to squeeze through the inlet just as the fishermen appeared on the opposite bank. The third fish spent the morning assuring himself that his intelligence and swimming ability would see him through any net they might cast, and that leaving would be an overreaction to a threat that might not materialise. By midday, he was in a bucket. The pond was a smaller place by evening — but two of its three wisest inhabitants were elsewhere, swimming freely in new water, already making themselves at home.","The willingness to act decisively on credible warning, rather than waiting for certainty, is frequently the difference between safety and catastrophe.",fear,strategy
46,The Crane and the Mongoose,"A crane who nested in a tall tree above a busy pond had developed an arrangement with a mongoose who patrolled the surrounding undergrowth — the mongoose dealt with any snakes that threatened the nest; the crane, in return, warned the mongoose of approaching humans with a specific call. The partnership had functioned effectively for two full breeding seasons. But the crane, whose nest had grown particularly productive that year, began to resent the mongoose's share of the arrangement's benefits — specifically, the advance warning that allowed the mongoose to avoid traps set by villagers. She began delaying her warnings by a few seconds, rationalising that the mongoose was perfectly capable of detecting humans on his own. The mongoose noticed the change but said nothing, and quietly began operating with greater caution independently. When a snake reached the nest one afternoon during the crane's absence — and the mongoose, who'd been nearby, had already moved on — the crane returned to considerable damage. She sat in the ruined nest and considered the sequence of events with uncomfortable clarity. She'd dismantled a functioning alliance incrementally and privately, and the cost had arrived in the same manner: quietly, and all at once.",A partnership diminished gradually through self-interest will fail at the worst possible moment — and the erosion is always felt by the one who began it.,sadness,cooperation
47,The Foolish Sage,"A sage who'd spent forty years accumulating learning had developed, alongside his genuine wisdom, a well-concealed conviction that his knowledge was essentially complete. When a young student arrived at his hermitage asking questions that the sage found unexpectedly difficult to answer — not because they were beyond the student's level, but because they were genuinely complex — the sage defaulted to a pattern he'd never noticed in himself before: he answered with great confidence and considerable eloquence, constructing responses that sounded authoritative and felt satisfying to deliver, but which were, in several important particulars, simply incorrect. The student, who had studied widely before arriving, recognised the errors but was uncertain how to address them without causing offence. He eventually presented the discrepancies gently, framing them as his own confusion. The sage fell silent for what felt like a long time. ""You've studied this more recently than I have,"" he said finally — and the admission, though quiet, required more genuine courage than forty years of solitary scholarship had ever demanded of him. He spent the following week reviewing what he'd taught. He corrected three errors in writing and informed the student directly. It was, the student later reflected, the most useful thing the sage had ever taught him.",The willingness to acknowledge the limits of one's knowledge is the mark of genuine wisdom — and far rarer than the accumulation of learning itself.,neutral,wisdom
48,The Merchant's Parrot,"A wealthy merchant kept a parrot of remarkable intelligence in his shop — one that had absorbed enough of the business's daily conversation to participate in it with convincing fluency. The parrot could quote prices accurately, recall the names of regular customers, and produce phrases of such commercial persuasiveness that several transactions had been completed in the merchant's brief absences that he could not subsequently fully account for. The merchant, amused and somewhat unnerved, decided to test the parrot's limitations by asking him directly: ""What is the value of honesty in business?"" The parrot tilted his head and produced, from his extensive repository, a perfectly composed response about integrity and long-term reputation. ""And do you practise it?"" the merchant asked. The parrot was silent for a moment. ""I produce,"" he said carefully, ""what is asked of me."" The merchant found this answer unexpectedly instructive — not about the parrot, but about his shop, his customers, and the conversations that had shaped this particular creature over the years of his presence. He spent the following week listening to what his business actually sounded like, and made several adjustments whose effects were modest but persistent.",What we repeatedly say and hear shapes what we become; our environment teaches us whether we intend it to or not.,surprise,wisdom
49,The Lost Camel,"A merchant travelling with a caravan across a vast and largely featureless plain noticed one morning that one of his camels — a reliable, good-tempered animal he'd owned for six years — was missing from the line. He retraced the previous day's route as far as he could reasonably manage, asked at the two settlements they'd passed through, and found nothing. At a crossroads some distance from the caravan's path, he encountered a traveller coming from the opposite direction. Before the merchant could describe the camel, the traveller said: ""You're looking for a camel — lame in the left foreleg, missing its right eye, carrying a load that's heavier on one side than the other, with a taste for the sweeter grass that grows on the eastern verge of the road."" The merchant stared. ""You've seen him?"" ""No,"" the traveller said pleasantly. ""I've only seen his tracks."" He described each detail he'd observed and how he'd read it from the ground and the vegetation. The merchant found the camel that afternoon, sheltering in a depression exactly where the traveller's reasoning had led him. He'd spent hours searching in the wrong direction entirely. Observation, he reflected, reads the present; assumption only rewrites the past.","Careful, systematic observation of available evidence will locate the truth more reliably than any amount of anxious searching based on assumption.",relief,strategy
50,The Kingdom of Fools,"A scholar and his student, travelling between cities, arrived at dusk at a kingdom whose peculiarities became apparent within the first hour. The city walls were being built thicker by order of the king — not because thicker walls offered better protection, but because a brick had fallen on a citizen's head during the original construction, and the king had concluded that heavier bricks were the solution to falling bricks. The scholar watched the construction activity with quiet attention, declined to comment publicly, and found lodging for the night. Over dinner, he asked the innkeeper careful questions about the kingdom's governance — how decisions were made, who was consulted, what happened when policies caused harm. The answers were consistent: decisions flowed in one direction only, from the top down, uncontested. The scholar left early the following morning, before the city's working day had begun. His student, frustrated, demanded to know why he hadn't spoken up. ""Because,"" the scholar said, ""a kingdom that has constructed an entire system around avoiding challenge to authority will not be improved by a visiting stranger pointing out the obvious. It will only improve when enough people inside it become uncomfortable enough to say, clearly and to the right people, what they already know."" They walked in silence for a while. ""Are we going back?"" the student asked. ""Not yet,"" the scholar said.","Systemic foolishness cannot be corrected from the outside by pointing; it requires internal awareness, honest communication, and the courage to speak within the system itself.",neutral,leadership
